date,portfolio_value,cash,positions
20160114,1000000,1000000,{}
20160115,1000000,1000000,{}
20160119,1000000,1000000,{}
20160120,1000000,1000000,{}
20160121,1000000,1000000,{}
20160122,1000000,1000000,{}
20160125,1000000,1000000,{}
20160126,1000000,1000000,{}
20160127,1000000,1000000,{}
20160128,1000000,1000000,{}
20160129,1000000,1000000,{}
20160201,1000000,1000000,{}
20160202,1000000,1000000,{}
20160203,1000000,1000000,{}
20160204,1000000,1000000,{}
20160205,1000000,1000000,{}
20160208,1000000,1000000,{}
20160209,1000000,1000000,{}
20160210,1000000,1000000,{}
20160211,1000000,1000000,{}
20160212,1000000,1000000,{}
20160216,1000000,1000000,{}
20160217,1000000,1000000,{}
20160218,1000000,1000000,{}
20160219,1000000,1000000,{}
20160222,1000000,1000000,{}
20160223,1000000,1000000,{}
20160224,1000000,1000000,{}
20160225,1000000,1000000,{}
20160226,1000000,1000000,{}
20160229,1000000,1000000,{}
20160301,1000000,1000000,{}
20160302,1000000,1000000,{}
20160303,1000000,1000000,{}
20160304,1000000,1000000,{}
20160307,1000000,1000000,{}
20160308,1000000,1000000,{}
20160309,1000000,1000000,{}
20160310,1000000,1000000,{}
20160311,1000000,1000000,{}
20160314,1000000,1000000,{}
20160315,1000000,1000000,{}
20160316,1000000,1000000,{}
20160317,1000000,1000000,{}
20160318,1000000,1000000,{}
20160321,1000000,1000000,{}
20160322,1000000,1000000,{}
20160323,1000000,1000000,{}
20160324,1000000,1000000,{}
20160328,1000000,1000000,{}
20160329,1000000,1000000,{}
20160330,1000000,1000000,{}
20160331,1000000,1000000,{}
20160401,1000000,1000000,{}
20160404,1000000,1000000,{}
20160405,1000000,1000000,{}
20160406,1000000,1000000,{}
20160407,1000000,1000000,{}
20160408,1000000,1000000,{}
20160411,1000000,1000000,{}
20160412,1000000,1000000,{}
20160413,1000000,1000000,{}
20160414,1000000,1000000,{}
20160415,1000000,1000000,{}
20160418,1000000,1000000,{}
20160419,1000000,1000000,{}
20160420,1000000,1000000,{}
20160421,1000000,1000000,{}
20160422,1000000,1000000,{}
20160425,1000000,1000000,{}
20160426,1000000,1000000,{}
20160427,1000000,1000000,{}
20160428,1000000,1000000,{}
20160429,1000000,1000000,{}
20160502,1000000,1000000,{}
20160503,1000000,1000000,{}
20160504,1000000,1000000,{}
20160505,1000000,1000000,{}
20160506,1000000,1000000,{}
20160509,1000000,1000000,{}
20160510,1000000,1000000,{}
20160511,1000000,1000000,{}
20160512,1000000,1000000,{}
20160513,1000000,1000000,{}
20160516,1000000,1000000,{}
20160517,1000000,1000000,{}
20160518,1000000,1000000,{}
20160519,1000000,1000000,{}
20160520,1000000,1000000,{}
20160523,1000000,1000000,{}
20160524,1000000,1000000,{}
20160525,1000000,1000000,{}
20160526,1000000,1000000,{}
20160527,1000000,1000000,{}
20160531,1000000,1000000,{}
20160601,1000000,1000000,{}
20160602,1000000,1000000,{}
20160603,1000000,1000000,{}
20160606,1000000,1000000,{}
20160607,1000000,1000000,{}
20160608,1000000,1000000,{}
20160609,1000000,1000000,{}
20160610,1000000,1000000,{}
20160613,1000000,1000000,{}
20160614,1000000,1000000,{}
20160615,1000000,1000000,{}
20160616,1000000,1000000,{}
20160617,1000000,1000000,{}
20160620,1000000,1000000,{}
20160621,1000000,1000000,{}
20160622,1000000,1000000,{}
20160623,1000000,1000000,{}
20160624,1000000,1000000,{}
20160627,1000000,1000000,{}
20160628,1000000,1000000,{}
20160629,1000000,1000000,{}
20160630,1000000,1000000,{}
20160701,1000000,1000000,{}
20160705,1000000,1000000,{}
20160706,1000000,1000000,{}
20160707,1000000,1000000,{}
20160708,1000000,1000000,{}
20160711,1000000,1000000,{}
20160712,1000000,1000000,{}
20160713,1000000,1000000,{}
20160714,1000000,1000000,{}
20160715,1000000,1000000,{}
20160718,1000000,1000000,{}
20160719,1000000,1000000,{}
20160720,1000000,1000000,{}
20160721,1000000,1000000,{}
20160722,1000000,1000000,{}
20160725,1000000,1000000,{}
20160726,1000000,1000000,{}
20160727,1000000,1000000,{}
20160728,1000000,1000000,{}
20160729,1000000,1000000,{}
20160801,1000000,1000000,{}
20160802,1000000,1000000,{}
20160803,1000000,1000000,{}
20160804,1000000,1000000,{}
20160805,1000000,1000000,{}
20160808,1000000,1000000,{}
20160809,1000000,1000000,{}
20160810,1000000,1000000,{}
20160811,1000000,1000000,{}
20160812,1000000,1000000,{}
20160815,1000000,1000000,{}
20160816,1000000,1000000,{}
20160817,1000000,1000000,{}
20160818,1000000,1000000,{}
20160819,1000000,1000000,{}
20160822,1000000,1000000,{}
20160823,1000000,1000000,{}
20160824,1000000,1000000,{}
20160825,1000000,1000000,{}
20160826,1000000,1000000,{}
20160829,1000000,1000000,{}
20160830,1000000,1000000,{}
20160831,1000000,1000000,{}
20160901,1000000,1000000,{}
20160902,1000000,1000000,{}
20160906,1000000,1000000,{}
20160907,1000000,1000000,{}
20160908,1000000,1000000,{}
20160909,1000000,1000000,{}
20160912,1000000,1000000,{}
20160913,1000000,1000000,{}
20160914,1000000,1000000,{}
20160915,1000000,1000000,{}
20160916,1000000,1000000,{}
20160919,1000000,1000000,{}
20160920,1000000,1000000,{}
20160921,1000000,1000000,{}
20160922,1000000,1000000,{}
20160923,1000000,1000000,{}
20160926,1000000,1000000,{}
20160927,1000000,1000000,{}
20160928,1000000,1000000,{}
20160929,1000000,1000000,{}
20160930,1000000,1000000,{}
20161003,1000000,1000000,{}
20161004,1000000,1000000,{}
20161005,1000000,1000000,{}
20161006,1000000,1000000,{}
20161007,1000000,1000000,{}
20161010,1000000,1000000,{}
20161011,1000000,1000000,{}
20161012,1000000,1000000,{}
20161013,1000000,1000000,{}
20161014,1000000,1000000,{}
20161017,1000000,1000000,{}
20161018,1000000,1000000,{}
20161019,1000000,1000000,{}
20161020,1000000,1000000,{}
20161021,1000000,1000000,{}
20161024,1000000,1000000,{}
20161025,1000000,1000000,{}
20161026,1000000,1000000,{}
20161027,1000000,1000000,{}
20161028,1000000,1000000,{}
20161031,1000000,1000000,{}
20161101,1000000,1000000,{}
20161102,1000000,1000000,{}
20161103,1000000,1000000,{}
20161104,1000000,1000000,{}
20161107,1000000,1000000,{}
20161108,1000000,1000000,{}
20161109,1000000,1000000,{}
20161110,1000000,1000000,{}
20161111,1000000,1000000,{}
20161114,1000000,1000000,{}
20161115,1000000,1000000,{}
20161116,1000000,1000000,{}
20161117,1000000,1000000,{}
20161118,1000000,1000000,{}
20161121,1000000,1000000,{}
20161122,1000000,1000000,{}
20161123,1000000,1000000,{}
20161125,1000000,1000000,{}
20161128,1000000,1000000,{}
20161129,1000000,1000000,{}
20161130,1000000,1000000,{}
20161201,1000000,1000000,{}
20161202,1000000,1000000,{}
20161205,1000000,1000000,{}
20161206,1000000,1000000,{}
20161207,1000000,1000000,{}
20161208,1000000,1000000,{}
20161209,1000000,1000000,{}
20161212,1000000,1000000,{}
20161213,1000000,1000000,{}
20161214,1000000,1000000,{}
20161215,1000000,1000000,{}
20161216,1000000,1000000,{}
20161219,1000000,1000000,{}
20161220,1000000,1000000,{}
20161221,1000000,1000000,{}
20161222,1000000,1000000,{}
20161223,1000000,1000000,{}
20161227,1000000,1000000,{}
20161228,1000000,1000000,{}
20161229,1000000,1000000,{}
20161230,1000000,1000000,{}
20170103,1000000,1000000,{}
20170104,1000000,1000000,{}
20170105,1000000,1000000,{}
20170106,1000000,1000000,{}
20170109,1000000,1000000,{}
20170110,1000000,1000000,{}
20170111,1000000,1000000,{}
20170112,1000000,1000000,{}
20170113,1000000,1000000,{}
20170117,1000000,1000000,{}
20170118,1000000,1000000,{}
20170119,1000000,1000000,{}
20170120,1000000,1000000,{}
20170123,1000000,1000000,{}
20170124,1000000,1000000,{}
20170125,1000000,1000000,{}
20170126,1000000,1000000,{}
20170127,1000000,1000000,{}
20170130,1000000,1000000,{}
20170131,1000000,1000000,{}
20170201,1000000,1000000,{}
20170202,1000000,1000000,{}
20170203,1000000,1000000,{}
20170206,1000000,1000000,{}
20170207,1000000,1000000,{}
20170208,1000000,1000000,{}
20170209,1000000,1000000,{}
20170210,1000000,1000000,{}
20170213,1000000,1000000,{}
20170214,1000000,1000000,{}
20170215,1000000,1000000,{}
20170216,1000000,1000000,{}
20170217,1000000,1000000,{}
20170221,1000000,1000000,{}
20170222,1000000,1000000,{}
20170223,1000000,1000000,{}
20170224,1000000,1000000,{}
20170227,1000000,1000000,{}
20170228,1000000,1000000,{}
20170301,1000000,1000000,{}
20170302,1000000,1000000,{}
20170303,1000000,1000000,{}
20170306,1000000,1000000,{}
20170307,1000000,1000000,{}
20170308,1000000,1000000,{}
20170309,1000000,1000000,{}
20170310,1000000,1000000,{}
20170313,1000000,1000000,{}
20170314,1000000,1000000,{}
20170315,1000000,1000000,{}
20170316,1000000,1000000,{}
20170317,1000000,1000000,{}
20170320,1000000,1000000,{}
20170321,1000000,1000000,{}
20170322,1000000,1000000,{}
20170323,1000000,1000000,{}
20170324,1000000,1000000,{}
20170327,1000000,1000000,{}
20170328,1000000,1000000,{}
20170329,1000000,1000000,{}
20170330,1000000,1000000,{}
20170331,1000000,1000000,{}
20170403,1000000,1000000,{}
20170404,1000000,1000000,{}
20170405,1000000,1000000,{}
20170406,1000000,1000000,{}
20170407,1000000,1000000,{}
20170410,1000000,1000000,{}
20170411,1000000,1000000,{}
20170412,1000000,1000000,{}
20170413,1000000,1000000,{}
20170417,1000000,1000000,{}
20170418,1000000,1000000,{}
20170419,1000000,1000000,{}
20170420,1000000,1000000,{}
20170421,1000000,1000000,{}
20170424,1000000,1000000,{}
20170425,1000000,1000000,{}
20170426,1000000,1000000,{}
20170427,1000000,1000000,{}
20170428,1000000,1000000,{}
20170501,1000000,1000000,{}
20170502,1000000,1000000,{}
20170503,1000000,1000000,{}
20170504,1000000,1000000,{}
20170505,1000000,1000000,{}
20170508,1000000,1000000,{}
20170509,1000000,1000000,{}
20170510,1000000,1000000,{}
20170511,1000000,1000000,{}
20170512,1000000,1000000,{}
20170515,1000000,1000000,{}
20170516,1000000,1000000,{}
20170517,1000000,1000000,{}
20170518,1000000,1000000,{}
20170519,1000000,1000000,{}
20170522,1000000,1000000,{}
20170523,1000000,1000000,{}
20170524,1000000,1000000,{}
20170525,1000000,1000000,{}
20170526,1000000,1000000,{}
20170530,1000000,1000000,{}
20170531,1000000,1000000,{}
20170601,1000000,1000000,{}
20170602,1000000,1000000,{}
20170605,1000000,1000000,{}
20170606,1000000,1000000,{}
20170607,1000000,1000000,{}
20170608,1000000,1000000,{}
20170609,1000000,1000000,{}
20170612,1000000,1000000,{}
20170613,1000000,1000000,{}
20170614,1000000,1000000,{}
20170615,1000000,1000000,{}
20170616,1000000,1000000,{}
20170619,1000000,1000000,{}
20170620,1000000,1000000,{}
20170621,1000000,1000000,{}
20170622,1000000,1000000,{}
20170623,1000000,1000000,{}
20170626,1000000,1000000,{}
20170627,1000000,1000000,{}
20170628,1000000,1000000,{}
20170629,1000000,1000000,{}
20170630,1000000,1000000,{}
20170703,1000000,1000000,{}
20170705,1000000,1000000,{}
20170706,1000000,1000000,{}
20170707,1000000,1000000,{}
20170710,1000000,1000000,{}
20170711,1000000,1000000,{}
20170712,1000000,1000000,{}
20170713,1000000,1000000,{}
20170714,1000000,1000000,{}
20170717,1000000,1000000,{}
20170718,1000000,1000000,{}
20170719,1000000,1000000,{}
20170720,1000000,1000000,{}
20170721,1000000,1000000,{}
20170724,1000000,1000000,{}
20170725,1000000,1000000,{}
20170726,1000000,1000000,{}
20170727,1000000,1000000,{}
20170728,1000000,1000000,{}
20170731,1000000,1000000,{}
20170801,1000000,1000000,{}
20170802,1000000,1000000,{}
20170803,1000000,1000000,{}
20170804,1000000,1000000,{}
20170807,1000000,1000000,{}
20170808,1000000,1000000,{}
20170809,1000000,1000000,{}
20170810,1000000,1000000,{}
20170811,1000000,1000000,{}
20170814,1000000,1000000,{}
20170815,1000000,1000000,{}
20170816,1000000,1000000,{}
20170817,1000000,1000000,{}
20170818,1000000,1000000,{}
20170821,1000000,1000000,{}
20170822,1000000,1000000,{}
20170823,1000000,1000000,{}
20170824,1000000,1000000,{}
20170825,1000000,1000000,{}
20170828,1000000,1000000,{}
20170829,1000000,1000000,{}
20170830,1000000,1000000,{}
20170831,1000000,1000000,{}
20170901,1000000,1000000,{}
20170905,1000000,1000000,{}
20170906,1000000,1000000,{}
20170907,1000000,1000000,{}
20170908,1000000,1000000,{}
20170911,1000000,1000000,{}
20170912,1000000,1000000,{}
20170913,1000000,1000000,{}
20170914,1000000,1000000,{}
20170915,1000000,1000000,{}
20170918,1000000,1000000,{}
20170919,1000000,1000000,{}
20170920,1000000,1000000,{}
20170921,1000000,1000000,{}
20170922,1000000,1000000,{}
20170925,1000000,1000000,{}
20170926,1000000,1000000,{}
20170927,1000000,1000000,{}
20170928,1000000,1000000,{}
20170929,1000000,1000000,{}
20171002,1000000,1000000,{}
20171003,1000000,1000000,{}
20171004,1000000,1000000,{}
20171005,1000000,1000000,{}
20171006,1000000,1000000,{}
20171009,1000000,1000000,{}
20171010,1000000,1000000,{}
20171011,1000000,1000000,{}
20171012,1000000,1000000,{}
20171013,1000000,1000000,{}
20171016,1000000,1000000,{}
20171017,1000000,1000000,{}
20171018,1000000,1000000,{}
20171019,1000000,1000000,{}
20171020,1000000,1000000,{}
20171023,1000000,1000000,{}
20171024,1000000,1000000,{}
20171025,1000000,1000000,{}
20171026,1000000,1000000,{}
20171027,1000000,1000000,{}
20171030,1000000,1000000,{}
20171031,1000000,1000000,{}
20171101,1000000,1000000,{}
20171102,1000000,1000000,{}
20171103,1000000,1000000,{}
20171106,1000000,1000000,{}
20171107,1000000,1000000,{}
20171108,1000000,1000000,{}
20171109,1000000,1000000,{}
20171110,1000000,1000000,{}
20171113,1000000,1000000,{}
20171114,1000000,1000000,{}
20171115,1000000,1000000,{}
20171116,1000000,1000000,{}
20171117,1000000,1000000,{}
20171120,1000000,1000000,{}
20171121,1000000,1000000,{}
20171122,1000000,1000000,{}
20171124,1000000,1000000,{}
20171127,1000000,1000000,{}
20171128,1000000,1000000,{}
20171129,1000000,1000000,{}
20171130,1000000,1000000,{}
20171201,1000000,1000000,{}
20171204,1000000,1000000,{}
20171205,1000000,1000000,{}
20171206,1000000,1000000,{}
20171207,1000000,1000000,{}
20171208,1000000,1000000,{}
20171211,1000000,1000000,{}
20171212,1000000,1000000,{}
20171213,1000000,1000000,{}
20171214,1000000,1000000,{}
20171215,1000000,1000000,{}
20171218,1000000,1000000,{}
20171219,1000000,1000000,{}
20171220,1000000,1000000,{}
20171221,1000000,1000000,{}
20171222,1000000,1000000,{}
20171226,1000000,1000000,{}
20171227,1000000,1000000,{}
20171228,1000000,1000000,{}
20171229,1000000,1000000,{}
20180102,1000000,1000000,{}
20180103,1000000,1000000,{}
20180104,1000000,1000000,{}
20180105,1000000,1000000,{}
20180108,1000000,1000000,{}
20180109,1000000,1000000,{}
20180110,1000000,1000000,{}
20180111,1000000,1000000,{}
20180112,1000000,1000000,{}
20180116,1000000,1000000,{}
20180117,1000000,1000000,{}
20180118,1000000,1000000,{}
20180119,1000000,1000000,{}
20180122,1000000,1000000,{}
20180123,1000000,1000000,{}
20180124,1000000,1000000,{}
20180125,1000000,1000000,{}
20180126,1000000,1000000,{}
20180129,1000000,1000000,{}
20180130,1000000,1000000,{}
20180131,1000000,1000000,{}
20180201,1000000,1000000,{}
20180202,1000000,1000000,{}
20180205,1000000,1000000,{}
20180206,1000000,1000000,{}
20180207,1000000,1000000,{}
20180208,1000000,1000000,{}
20180209,1000000,1000000,{}
20180212,1000000,1000000,{}
20180213,1000000,1000000,{}
20180214,1000000,1000000,{}
20180215,1000000,1000000,{}
20180216,1000000,1000000,{}
20180220,1000000,1000000,{}
20180221,1000000,1000000,{}
20180222,1000000,1000000,{}
20180223,1000000,1000000,{}
20180226,1000000,1000000,{}
20180227,1000000,1000000,{}
20180228,1000000,1000000,{}
20180301,1000000,1000000,{}
20180302,1000000,1000000,{}
20180305,1000000,1000000,{}
20180306,1000000,1000000,{}
20180307,1000000,1000000,{}
20180308,1000000,1000000,{}
20180309,1000000,1000000,{}
20180312,1000000,1000000,{}
20180313,1000000,1000000,{}
20180314,1000000,1000000,{}
20180315,1000000,1000000,{}
20180316,1000000,1000000,{}
20180319,1000000,1000000,{}
20180320,1000000,1000000,{}
20180321,1000000,1000000,{}
20180322,1000000,1000000,{}
20180323,1000000,1000000,{}
20180326,1000000,1000000,{}
20180327,1000000,1000000,{}
20180328,1000000,1000000,{}
20180329,1000000,1000000,{}
20180402,1000000,1000000,{}
20180403,1000000,1000000,{}
20180404,1000000,1000000,{}
20180405,1000000,1000000,{}
20180406,1000000,1000000,{}
20180409,1000000,1000000,{}
20180410,1000000,1000000,{}
20180411,1000000,1000000,{}
20180412,1000000,1000000,{}
20180413,1000000,1000000,{}
20180416,1000000,1000000,{}
20180417,1000000,1000000,{}
20180418,1000000,1000000,{}
20180419,1000000,1000000,{}
20180420,1000000,1000000,{}
20180423,1000000,1000000,{}
20180424,1000000,1000000,{}
20180425,1000000,1000000,{}
20180426,1000000,1000000,{}
20180427,1000000,1000000,{}
20180430,1000000,1000000,{}
20180501,1000000,1000000,{}
20180502,1000000,1000000,{}
20180503,1000000,1000000,{}
20180504,1000000,1000000,{}
20180507,1000000,1000000,{}
20180508,1000000,1000000,{}
20180509,1000000,1000000,{}
20180510,1000000,1000000,{}
20180511,1000000,1000000,{}
20180514,1000000,1000000,{}
20180515,1000000,1000000,{}
20180516,1000000,1000000,{}
20180517,1000000,1000000,{}
20180518,1000000,1000000,{}
20180521,1000000,1000000,{}
20180522,1000000,1000000,{}
20180523,1000000,1000000,{}
20180524,1000000,1000000,{}
20180525,1000000,1000000,{}
20180529,1000000,1000000,{}
20180530,1000000,1000000,{}
20180531,1000000,1000000,{}
20180601,1000000,1000000,{}
20180604,1000000,1000000,{}
20180605,1000000,1000000,{}
20180606,1000000,1000000,{}
20180607,1000000,1000000,{}
20180608,1000000,1000000,{}
20180611,1000000,1000000,{}
20180612,1000000,1000000,{}
20180613,1000000,1000000,{}
20180614,1000000,1000000,{}
20180615,1000000,1000000,{}
20180618,1000000,1000000,{}
20180619,1000000,1000000,{}
20180620,1000000,1000000,{}
20180621,1000000,1000000,{}
20180622,1000000,1000000,{}
20180625,1000000,1000000,{}
20180626,1000000,1000000,{}
20180627,1000000,1000000,{}
20180628,1000000,1000000,{}
20180629,1000000,1000000,{}
20180702,1000000,1000000,{}
20180703,1000000,1000000,{}
20180705,1000000,1000000,{}
20180706,1000000,1000000,{}
20180709,1000000,1000000,{}
20180710,1000000,1000000,{}
20180711,1000000,1000000,{}
20180712,1000000,1000000,{}
20180713,1000000,1000000,{}
20180716,1000000,1000000,{}
20180717,1000000,1000000,{}
20180718,1000000,1000000,{}
20180719,1000000,1000000,{}
20180720,1000000,1000000,{}
20180723,1000000,1000000,{}
20180724,1000000,1000000,{}
20180725,1000000,1000000,{}
20180726,1000000,1000000,{}
20180727,1000000,1000000,{}
20180730,1000000,1000000,{}
20180731,1000000,1000000,{}
20180801,1000000,1000000,{}
20180802,1000000,1000000,{}
20180803,1000000,1000000,{}
20180806,1000000,1000000,{}
20180807,1000000,1000000,{}
20180808,1000000,1000000,{}
20180809,1000000,1000000,{}
20180810,1000000,1000000,{}
20180813,1000000,1000000,{}
20180814,1000000,1000000,{}
20180815,1000000,1000000,{}
20180816,1000000,1000000,{}
20180817,1000000,1000000,{}
20180820,1000000,1000000,{}
20180821,1000000,1000000,{}
20180822,1000000,1000000,{}
20180823,1000000,1000000,{}
20180824,1000000,1000000,{}
20180827,1000000,1000000,{}
20180828,1000000,1000000,{}
20180829,1000000,1000000,{}
20180830,1000000,1000000,{}
20180831,1000000,1000000,{}
20180904,1000000,1000000,{}
20180905,1000000,1000000,{}
20180906,1000000,1000000,{}
20180907,1000000,1000000,{}
20180910,1000000,1000000,{}
20180911,1000000,1000000,{}
20180912,1000000,1000000,{}
20180913,1000000,1000000,{}
20180914,1000000,1000000,{}
20180917,1000000,1000000,{}
20180918,1000000,1000000,{}
20180919,1000000,1000000,{}
20180920,1000000,1000000,{}
20180921,1000000,1000000,{}
20180924,1000000,1000000,{}
20180925,1000000,1000000,{}
20180926,1000000,1000000,{}
20180927,1000000,1000000,{}
20180928,1000000,1000000,{}
20181001,1000000,1000000,{}
20181002,1000000,1000000,{}
20181003,1000000,1000000,{}
20181004,1000000,1000000,{}
20181005,1000000,1000000,{}
20181008,1000000,1000000,{}
20181009,1000000,1000000,{}
20181010,1000000,1000000,{}
20181011,1000000,1000000,{}
20181012,1000000,1000000,{}
20181015,1000000,1000000,{}
20181016,1000000,1000000,{}
20181017,1000000,1000000,{}
20181018,1000000,1000000,{}
20181019,1000000,1000000,{}
20181022,1000000,1000000,{}
20181023,1000000,1000000,{}
20181024,1000000,1000000,{}
20181025,1000000,1000000,{}
20181026,1000000,1000000,{}
20181029,1000000,1000000,{}
20181030,1000000,1000000,{}
20181031,1000000,1000000,{}
20181101,1000000,1000000,{}
20181102,1000000,1000000,{}
20181105,1000000,1000000,{}
20181106,1000000,1000000,{}
20181107,1000000,1000000,{}
20181108,1000000,1000000,{}
20181109,1000000,1000000,{}
20181112,1000000,1000000,{}
20181113,1000000,1000000,{}
20181114,1000000,1000000,{}
20181115,1000000,1000000,{}
20181116,1000000,1000000,{}
20181119,1000000,1000000,{}
20181120,1000000,1000000,{}
20181121,1000000,1000000,{}
20181123,1000000,1000000,{}
20181126,1000000,1000000,{}
20181127,1000000,1000000,{}
20181128,1000000,1000000,{}
20181129,1000000,1000000,{}
20181130,1000000,1000000,{}
20181203,1000000,1000000,{}
20181204,1000000,1000000,{}
20181206,1000000,1000000,{}
20181207,1000000,1000000,{}
20181210,1000000,1000000,{}
20181211,1000000,1000000,{}
20181212,1000000,1000000,{}
20181213,1000000,1000000,{}
20181214,1000000,1000000,{}
20181217,1000000,1000000,{}
20181218,1000000,1000000,{}
20181219,1000000,1000000,{}
20181220,1000000,1000000,{}
20181221,1000000,1000000,{}
20181224,1000000,1000000,{}
20181226,1000000,1000000,{}
20181227,1000000,1000000,{}
20181228,1000000,1000000,{}
20181231,1000000,1000000,{}
20190102,1000000,1000000,{}
20190103,1000000,1000000,{}
20190104,1000000,1000000,{}
20190107,1000000,1000000,{}
20190108,1000000,1000000,{}
20190109,1000000,1000000,{}
20190110,1000000,1000000,{}
20190111,1000000,1000000,{}
20190114,1000000,1000000,{}
20190115,1000000,1000000,{}
20190116,1000000,1000000,{}
20190117,1000000,1000000,{}
20190118,1000000,1000000,{}
20190122,1000000,1000000,{}
20190123,1000000,1000000,{}
20190124,1000000,1000000,{}
20190125,1000000,1000000,{}
20190128,1000000,1000000,{}
20190129,1000000,1000000,{}
20190130,1000000,1000000,{}
20190131,1000000,1000000,{}
20190201,1000000,1000000,{}
20190204,1000000,1000000,{}
20190205,1000000,1000000,{}
20190206,1000000,1000000,{}
20190207,1000000,1000000,{}
20190208,1000000,1000000,{}
20190211,1000000,1000000,{}
20190212,1000000,1000000,{}
20190213,1000000,1000000,{}
20190214,1000000,1000000,{}
20190215,1000000,1000000,{}
20190219,1000000,1000000,{}
20190220,1000000,1000000,{}
20190221,1000000,1000000,{}
20190222,1000000,1000000,{}
20190225,1000000,1000000,{}
20190226,1000000,1000000,{}
20190227,1000000,1000000,{}
20190228,1000000,1000000,{}
20190301,1000000,1000000,{}
20190304,1000000,1000000,{}
20190305,1000000,1000000,{}
20190306,1000000,1000000,{}
20190307,1000000,1000000,{}
20190308,1000000,1000000,{}
20190311,1000000,1000000,{}
20190312,1000000,1000000,{}
20190313,1000000,1000000,{}
20190314,1000000,1000000,{}
20190315,1000000,1000000,{}
20190318,1000000,1000000,{}
20190319,1000000,1000000,{}
20190320,1000000,1000000,{}
20190321,1000000,1000000,{}
20190322,1000000,1000000,{}
20190325,1000000,1000000,{}
20190326,1000000,1000000,{}
20190327,1000000,1000000,{}
20190328,1000000,1000000,{}
20190329,1000000,1000000,{}
20190401,1000000,1000000,{}
20190402,1000000,1000000,{}
20190403,1000000,1000000,{}
20190404,1000000,1000000,{}
20190405,1000000,1000000,{}
20190408,1000000,1000000,{}
20190409,1000000,1000000,{}
20190410,1000000,1000000,{}
20190411,1000000,1000000,{}
20190412,1000000,1000000,{}
20190415,1000000,1000000,{}
20190416,1000000,1000000,{}
20190417,1000000,1000000,{}
20190418,1000000,1000000,{}
20190422,1000000,1000000,{}
20190423,1000000,1000000,{}
20190424,1000000,1000000,{}
20190425,1000000,1000000,{}
20190426,1000000,1000000,{}
20190429,1000000,1000000,{}
20190430,1000000,1000000,{}
20190501,1000000,1000000,{}
20190502,1000000,1000000,{}
20190503,1000000,1000000,{}
20190506,1000000,1000000,{}
20190507,1000000,1000000,{}
20190508,1000000,1000000,{}
20190509,1000000,1000000,{}
20190510,1000000,1000000,{}
20190513,1000000,1000000,{}
20190514,1000000,1000000,{}
20190515,1000000,1000000,{}
20190516,1000000,1000000,{}
20190517,1000000,1000000,{}
20190520,1000000,1000000,{}
20190521,1000000,1000000,{}
20190522,1000000,1000000,{}
20190523,1000000,1000000,{}
20190524,1000000,1000000,{}
20190528,1000000,1000000,{}
20190529,1000000,1000000,{}
20190530,1000000,1000000,{}
20190531,1000000,1000000,{}
20190603,1000000,1000000,{}
20190604,1000000,1000000,{}
20190605,1000000,1000000,{}
20190606,1000000,1000000,{}
20190607,1000000,1000000,{}
20190610,1000000,1000000,{}
20190611,1000000,1000000,{}
20190612,1000000,1000000,{}
20190613,1000000,1000000,{}
20190614,1000000,1000000,{}
20190617,1000000,1000000,{}
20190618,1000000,1000000,{}
20190619,1000000,1000000,{}
20190620,1000000,1000000,{}
20190621,1000000,1000000,{}
20190624,1000000,1000000,{}
20190625,1000000,1000000,{}
20190626,1000000,1000000,{}
20190627,1000000,1000000,{}
20190628,1000000,1000000,{}
20190701,1000000,1000000,{}
20190702,1000000,1000000,{}
20190703,1000000,1000000,{}
20190705,1000000,1000000,{}
20190708,1000000,1000000,{}
20190709,1000000,1000000,{}
20190710,1000000,1000000,{}
20190711,1000000,1000000,{}
20190712,1000000,1000000,{}
20190715,1000000,1000000,{}
20190716,1000000,1000000,{}
20190717,1000000,1000000,{}
20190718,1000000,1000000,{}
20190719,1000000,1000000,{}
20190722,1000000,1000000,{}
20190723,1000000,1000000,{}
20190724,1000000,1000000,{}
20190725,1000000,1000000,{}
20190726,1000000,1000000,{}
20190729,1000000,1000000,{}
20190730,1000000,1000000,{}
20190731,1000000,1000000,{}
20190801,1000000,1000000,{}
20190802,1000000,1000000,{}
20190805,1000000,1000000,{}
20190806,1000000,1000000,{}
20190807,1000000,1000000,{}
20190808,1000000,1000000,{}
20190809,1000000,1000000,{}
20190812,1000000,1000000,{}
20190813,1000000,1000000,{}
20190814,1000000,1000000,{}
20190815,1000000,1000000,{}
20190816,1000000,1000000,{}
20190819,1000000,1000000,{}
20190820,1000000,1000000,{}
20190821,1000000,1000000,{}
20190822,1000000,1000000,{}
20190823,1000000,1000000,{}
20190826,1000000,1000000,{}
20190827,1000000,1000000,{}
20190828,1000000,1000000,{}
20190829,1000000,1000000,{}
20190830,1000000,1000000,{}
20190903,1000000,1000000,{}
20190904,1000000,1000000,{}
20190905,1000000,1000000,{}
20190906,1000000,1000000,{}
20190909,1000000,1000000,{}
20190910,1000000,1000000,{}
20190911,1000000,1000000,{}
20190912,1000000,1000000,{}
20190913,1000000,1000000,{}
20190916,1000000,1000000,{}
20190917,1000000,1000000,{}
20190918,1000000,1000000,{}
20190919,1000000,1000000,{}
20190920,1000000,1000000,{}
20190923,1000000,1000000,{}
20190924,1000000,1000000,{}
20190925,1000000,1000000,{}
20190926,1000000,1000000,{}
20190927,1000000,1000000,{}
20190930,1000000,1000000,{}
20191001,1000000,1000000,{}
20191002,1000000,1000000,{}
20191003,1000000,1000000,{}
20191004,1000000,1000000,{}
20191007,1000000,1000000,{}
20191008,1000000,1000000,{}
20191009,1000000,1000000,{}
20191010,1000000,1000000,{}
20191011,1000000,1000000,{}
20191014,1000000,1000000,{}
20191015,1000000,1000000,{}
20191016,1000000,1000000,{}
20191017,1000000,1000000,{}
20191018,1000000,1000000,{}
20191021,1000000,1000000,{}
20191022,1000000,1000000,{}
20191023,1000000,1000000,{}
20191024,1000000,1000000,{}
20191025,1000000,1000000,{}
20191028,1000000,1000000,{}
20191029,1000000,1000000,{}
20191030,1000000,1000000,{}
20191031,1000000,1000000,{}
20191101,1000000,1000000,{}
20191104,1000000,1000000,{}
20191105,1000000,1000000,{}
20191106,1000000,1000000,{}
20191107,1000000,1000000,{}
20191108,1000000,1000000,{}
20191111,1000000,1000000,{}
20191112,1000000,1000000,{}
20191113,1000000,1000000,{}
20191114,1000000,1000000,{}
20191115,1000000,1000000,{}
20191118,1000000,1000000,{}
20191119,1000000,1000000,{}
20191120,1000000,1000000,{}
20191121,1000000,1000000,{}
20191122,1000000,1000000,{}
20191125,1000000,1000000,{}
20191126,1000000,1000000,{}
20191127,1000000,1000000,{}
20191129,1000000,1000000,{}
20191202,1000000,1000000,{}
20191203,1000000,1000000,{}
20191204,1000000,1000000,{}
20191205,1000000,1000000,{}
20191206,1000000,1000000,{}
20191209,1000000,1000000,{}
20191210,1000000,1000000,{}
20191211,1000000,1000000,{}
20191212,1000000,1000000,{}
20191213,1000000,1000000,{}
20191216,1000000,1000000,{}
20191217,1000000,1000000,{}
20191218,1000000,1000000,{}
20191219,1000000,1000000,{}
20191220,1000000,1000000,{}
20191223,1000000,1000000,{}
20191224,1000000,1000000,{}
20191226,1000000,1000000,{}
20191227,1000000,1000000,{}
20191230,1000000,1000000,{}
20191231,1000000,1000000,{}
20200102,1000000,1000000,{}
20200103,1000000,1000000,{}
20200106,1000000,1000000,{}
20200107,1000000,1000000,{}
20200108,1000000,1000000,{}
20200109,1000000,1000000,{}
20200110,1000000,1000000,{}
20200113,1000000,1000000,{}
20200114,1000000,1000000,{}
20200115,1000000,1000000,{}
20200116,1000000,1000000,{}
20200117,1000000,1000000,{}
20200121,1000000,1000000,{}
20200122,1000000,1000000,{}
20200123,1000000,1000000,{}
20200124,1000000,1000000,{}
20200127,1000000,1000000,{}
20200128,1000000,1000000,{}
20200129,1000000,1000000,{}
20200130,1000000,1000000,{}
20200131,1000000,1000000,{}
20200203,1000000,1000000,{}
20200204,1000000,1000000,{}
20200205,1000000,1000000,{}
20200206,1000000,1000000,{}
20200207,1000000,1000000,{}
20200210,1000000,1000000,{}
20200211,1000000,1000000,{}
20200212,1000000,1000000,{}
20200213,1000000,1000000,{}
20200214,1000000,1000000,{}
20200218,1000000,1000000,{}
20200219,1000000,1000000,{}
20200220,1000000,1000000,{}
20200221,1000000,1000000,{}
20200224,1000000,1000000,{}
20200225,1000000,1000000,{}
20200226,1000000,1000000,{}
20200227,1000000,1000000,{}
20200228,1000000,1000000,{}
20200302,1000000,1000000,{}
20200303,1000000,1000000,{}
20200304,1000000,1000000,{}
20200305,1000000,1000000,{}
20200306,1000000,1000000,{}
20200309,1000000,1000000,{}
20200310,1000000,1000000,{}
20200311,1000000,1000000,{}
20200312,1000000,1000000,{}
20200313,1000000,1000000,{}
20200316,1000000,1000000,{}
20200317,1000000,1000000,{}
